,sid,id,position,created_at,created_meta,updated_at,updated_meta,meta,JURISDICTION NAME,COUNT PARTICIPANTS,COUNT FEMALE,PERCENT FEMALE,COUNT MALE,PERCENT MALE,COUNT GENDER UNKNOWN,PERCENT GENDER UNKNOWN,COUNT GENDER TOTAL,PERCENT GENDER TOTAL,COUNT PACIFIC ISLANDER,PERCENT PACIFIC ISLANDER,COUNT HISPANIC LATINO,PERCENT HISPANIC LATINO,COUNT AMERICAN INDIAN,PERCENT AMERICAN INDIAN,COUNT ASIAN NON HISPANIC,PERCENT ASIAN NON HISPANIC,COUNT WHITE NON HISPANIC,PERCENT WHITE NON HISPANIC,COUNT BLACK NON HISPANIC,PERCENT BLACK NON HISPANIC,COUNT OTHER ETHNICITY,PERCENT OTHER ETHNICITY,COUNT ETHNICITY UNKNOWN,PERCENT ETHNICITY UNKNOWN,COUNT ETHNICITY TOTAL,PERCENT ETHNICITY TOTAL,COUNT PERMANENT RESIDENT ALIEN,PERCENT PERMANENT RESIDENT ALIEN,COUNT US CITIZEN,PERCENT US CITIZEN,COUNT OTHER CITIZEN STATUS,PERCENT OTHER CITIZEN STATUS,COUNT CITIZEN STATUS UNKNOWN,PERCENT CITIZEN STATUS UNKNOWN,COUNT CITIZEN STATUS TOTAL,PERCENT CITIZEN STATUS TOTAL,COUNT RECEIVES PUBLIC ASSISTANCE,PERCENT RECEIVES PUBLIC ASSISTANCE,COUNT NRECEIVES PUBLIC ASSISTANCE,PERCENT NRECEIVES PUBLIC ASSISTANCE,COUNT PUBLIC ASSISTANCE UNKNOWN,PERCENT PUBLIC ASSISTANCE UNKNOWN,COUNT PUBLIC ASSISTANCE TOTAL,PERCENT PUBLIC ASSISTANCE TOTAL
0,2,F1D5CE05-63D2-4447-BF0C-0ECC1D4C618D,2,1311750357,392904,1311750357,392904,"{
}",10001,44,22,0.5,22,0.5,0,0,44,100,0,0,16,0.36,0,0,3,0.07,1,0.02,21,0.48,3,0.07,0,0,44,100,2,0.05,42,0.95,0,0,0,0,44,100,20,0.45,24,0.55,0,0,44,100
1,3,FC97CA56-30AA-4929-81A2-4878FA14C397,3,1311750357,392904,1311750357,392904,"{
}",10002,35,19,0.54,16,0.46,0,0,35,100,0,0,1,0.03,0,0,28,0.8,6,0.17,0,0,0,0,0,0,35,100,2,0.06,33,0.94,0,0,0,0,35,100,2,0.06,33,0.94,0,0,35,100
2,4,8023A68C-4685-4603-8B2E-FC44B555BFF2,4,1311750357,392904,1311750357,392904,"{
}",10003,1,1,1,0,0,0,0,1,100,0,0,0,0,0,0,1,1,0,0,0,0,0,0,0,0,1,100,0,0,1,1,0,0,0,0,1,100,0,0,1,1,0,0,1,100
3,5,ADE31C98-C8B3-4A05-9AD8-7F501DFEB158,5,1311750357,392904,1311750357,392904,"{
}",10004,0,0,0,0,0,0,0,0,0,0,0,0,0,0,0,0,0,0,0,0,0,0,0,0,0,0,0,0,0,0,0,0,0,0,0,0,0,0,0,0,0,0,0,0,0
4,6,37F5A6C3-1FC7-4B90-84C9-4CA5B7AB8DF4,6,1311750357,392904,1311750357,392904,"{
}",10005,2,2,1,0,0,0,0,2,100,0,0,0,0,0,0,1,0.5,0,0,1,0.5,0,0,0,0,2,100,1,0.5,1,0.5,0,0,0,0,2,100,0,0,2,1,0,0,2,100
5,7,1D82D6AA-0457-4ABE-A949-09D55AF419FF,7,1311750357,392904,1311750357,392904,"{
}",10006,6,2,0.33,4,0.67,0,0,6,100,0,0,2,0.33,0,0,0,0,1,0.17,3,0.5,0,0,0,0,6,100,0,0,6,1,0,0,0,0,6,100,0,0,6,1,0,0,6,100
6,8,460FD654-BC4C-431C-9FB3-57AFF629C3FB,8,1311750357,392904,1311750357,392904,"{
}",10007,1,0,0,1,1,0,0,1,100,0,0,0,0,0,0,1,1,0,0,0,0,0,0,0,0,1,100,0,0,1,1,0,0,0,0,1,100,1,1,0,0,0,0,1,100
7,9,CD6C88E7-1C66-4BE9-BDE0-A2C162D3CB7E,9,1311750357,392904,1311750357,392904,"{
}",10009,2,0,0,2,1,0,0,2,100,0,0,0,0,0,0,2,1,0,0,0,0,0,0,0,0,2,100,0,0,2,1,0,0,0,0,2,100,0,0,2,1,0,0,2,100
8,10,9112A0DA-8984-401C-A01D-E8C8FDA85BDB,10,1311750357,392904,1311750357,392904,"{
}",10010,0,0,0,0,0,0,0,0,0,0,0,0,0,0,0,0,0,0,0,0,0,0,0,0,0,0,0,0,0,0,0,0,0,0,0,0,0,0,0,0,0,0,0,0,0
9,11,9F8178B1-A4C7-449A-84C5-2BC291114898,11,1311750357,392904,1311750357,392904,"{
}",10011,3,2,0.67,1,0.33,0,0,3,100,0,0,1,0.33,0,0,0,0,0,0,1,0.33,1,0.33,0,0,3,99,0,0,3,1,0,0,0,0,3,100,0,0,3,1,0,0,3,100
10,12,D7B53F0B-A518-405A-ACFC-74C3D2326428,12,1311750357,392904,1311750357,392904,"{
}",10012,0,0,0,0,0,0,0,0,0,0,0,0,0,0,0,0,0,0,0,0,0,0,0,0,0,0,0,0,0,0,0,0,0,0,0,0,0,0,0,0,0,0,0,0,0
11,13,8B9486BE-2BA5-4B44-8A8F-FC627E70668D,13,1311750357,392904,1311750357,392904,"{
}",10013,8,1,0.13,7,0.88,0,0,8,100,0,0,0,0,0,0,8,1,0,0,0,0,0,0,0,0,8,100,0,0,8,1,0,0,0,0,8,100,1,0.13,7,0.88,0,0,8,100
12,14,1A942C29-422F-4F14-A6B9-99DED372E33D,14,1311750357,392904,1311750357,392904,"{
}",10014,0,0,0,0,0,0,0,0,0,0,0,0,0,0,0,0,0,0,0,0,0,0,0,0,0,0,0,0,0,0,0,0,0,0,0,0,0,0,0,0,0,0,0,0,0
13,15,C4F195DA-A7E1-44F3-9D6C-37540E3BC384,15,1311750357,392904,1311750357,392904,"{
}",10016,17,12,0.71,5,0.29,0,0,17,100,0,0,9,0.53,0,0,0,0,0,0,8,0.47,0,0,0,0,17,100,0,0,17,1,0,0,0,0,17,100,9,0.53,8,0.47,0,0,17,100
14,16,12F2F18C-F32E-4BC4-8A71-51B3AE1CF58B,16,1311750357,392904,1311750357,392904,"{
}",10017,0,0,0,0,0,0,0,0,0,0,0,0,0,0,0,0,0,0,0,0,0,0,0,0,0,0,0,0,0,0,0,0,0,0,0,0,0,0,0,0,0,0,0,0,0
15,17,17148803-FC91-4779-8E81-70461940FCD3,17,1311750357,392904,1311750357,392904,"{
}",10018,3,2,0.67,1,0.33,0,0,3,100,0,0,0,0,0,0,3,1,0,0,0,0,0,0,0,0,3,100,1,0.33,2,0.67,0,0,0,0,3,100,0,0,3,1,0,0,3,100
16,18,F8271069-72E3-4626-B7DC-CC6E7123A530,18,1311750357,392904,1311750357,392904,"{
}",10019,0,0,0,0,0,0,0,0,0,0,0,0,0,0,0,0,0,0,0,0,0,0,0,0,0,0,0,0,0,0,0,0,0,0,0,0,0,0,0,0,0,0,0,0,0
17,19,E0F5911A-F2E3-4751-BD37-D8F50C685AEF,19,1311750357,392904,1311750357,392904,"{
}",10020,0,0,0,0,0,0,0,0,0,0,0,0,0,0,0,0,0,0,0,0,0,0,0,0,0,0,0,0,0,0,0,0,0,0,0,0,0,0,0,0,0,0,0,0,0
18,20,E1217F0C-CBC4-4FEF-B927-46589E1FDE68,20,1311750357,392904,1311750357,392904,"{
}",10021,0,0,0,0,0,0,0,0,0,0,0,0,0,0,0,0,0,0,0,0,0,0,0,0,0,0,0,0,0,0,0,0,0,0,0,0,0,0,0,0,0,0,0,0,0
19,21,641A8A6D-2E23-4C4D-AA90-D10E133F0BA1,21,1311750357,392904,1311750357,392904,"{
}",10022,1,1,1,0,0,0,0,1,100,0,0,0,0,0,0,1,1,0,0,0,0,0,0,0,0,1,100,0,0,1,1,0,0,0,0,1,100,0,0,1,1,0,0,1,100
20,22,C3CD6131-36B5-45AC-B92A-85B5F7299BC7,22,1311750357,392904,1311750357,392904,"{
}",10023,7,5,0.71,2,0.29,0,0,7,100,0,0,3,0.43,0,0,1,0.14,0,0,3,0.43,0,0,0,0,7,100,0,0,7,1,0,0,0,0,7,100,5,0.71,2,0.29,0,0,7,100
21,23,FD977BFC-17C8-4BC1-8B47-04D8D5E98B46,23,1311750357,392904,1311750357,392904,"{
}",10024,4,4,1,0,0,0,0,4,100,0,0,0,0,0,0,0,0,3,0.75,0,0,0,0,1,0.25,4,100,0,0,4,1,0,0,0,0,4,100,1,0.25,3,0.75,0,0,4,100
22,24,FA822EA6-E987-437D-87CF-70A947383CC3,24,1311750357,392904,1311750357,392904,"{
}",10025,27,17,0.63,10,0.37,0,0,27,100,0,0,15,0.56,0,0,0,0,0,0,11,0.41,1,0.04,0,0,27,100,3,0.11,24,0.89,0,0,0,0,27,100,8,0.3,19,0.7,0,0,27,100
23,25,FD40820D-5447-4ECE-BBA5-865E0222E0D5,25,1311750357,392904,1311750357,392904,"{
}",10026,0,0,0,0,0,0,0,0,0,0,0,0,0,0,0,0,0,0,0,0,0,0,0,0,0,0,0,0,0,0,0,0,0,0,0,0,0,0,0,0,0,0,0,0,0
24,26,8A51F486-97D3-4543-AEC7-E2BA023C2D6D,26,1311750357,392904,1311750357,392904,"{
}",10027,7,4,0.57,3,0.43,0,0,7,100,0,0,1,0.14,0,0,1,0.14,0,0,4,0.57,1,0.14,0,0,7,99,1,0.14,6,0.86,0,0,0,0,7,100,1,0.14,6,0.86,0,0,7,100
25,27,D04CD816-3DDB-4419-A418-6E4E4AD1E5ED,27,1311750357,392904,1311750357,392904,"{
}",10028,0,0,0,0,0,0,0,0,0,0,0,0,0,0,0,0,0,0,0,0,0,0,0,0,0,0,0,0,0,0,0,0,0,0,0,0,0,0,0,0,0,0,0,0,0
26,28,CEE65244-AEAB-48B5-AFF7-590A378906AA,28,1311750357,392904,1311750357,392904,"{
}",10029,20,13,0.65,7,0.35,0,0,20,100,0,0,4,0.2,0,0,0,0,0,0,15,0.75,1,0.05,0,0,20,100,0,0,20,1,0,0,0,0,20,100,8,0.4,12,0.6,0,0,20,100
27,29,32C98A83-32CF-46F7-98B5-D7768AC99257,29,1311750357,392904,1311750357,392904,"{
}",10030,0,0,0,0,0,0,0,0,0,0,0,0,0,0,0,0,0,0,0,0,0,0,0,0,0,0,0,0,0,0,0,0,0,0,0,0,0,0,0,0,0,0,0,0,0
28,30,FE6297FD-51F5-4624-9457-6B86BE037318,30,1311750357,392904,1311750357,392904,"{
}",10031,0,0,0,0,0,0,0,0,0,0,0,0,0,0,0,0,0,0,0,0,0,0,0,0,0,0,0,0,0,0,0,0,0,0,0,0,0,0,0,0,0,0,0,0,0
29,31,0EEFA17A-03F0-4559-B9A5-517D08369B46,31,1311750357,392904,1311750357,392904,"{
}",10032,13,4,0.31,9,0.69,0,0,13,100,0,0,9,0.69,0,0,1,0.08,0,0,2,0.15,1,0.08,0,0,13,100,1,0.08,12,0.92,0,0,0,0,13,100,5,0.38,8,0.62,0,0,13,100
30,32,024D87A8-0D2D-4F0F-8537-00CEAFF3DD27,32,1311750357,392904,1311750357,392904,"{
}",10033,0,0,0,0,0,0,0,0,0,0,0,0,0,0,0,0,0,0,0,0,0,0,0,0,0,0,0,0,0,0,0,0,0,0,0,0,0,0,0,0,0,0,0,0,0
31,33,B9A8E457-BAA5-4FE8-BEA2-5255E19BC195,33,1311750357,392904,1311750357,392904,"{
}",10034,0,0,0,0,0,0,0,0,0,0,0,0,0,0,0,0,0,0,0,0,0,0,0,0,0,0,0,0,0,0,0,0,0,0,0,0,0,0,0,0,0,0,0,0,0
32,34,2516D6F5-4428-4CA6-BD4B-CA17A8E5B5C9,34,1311750357,392904,1311750357,392904,"{
}",10035,0,0,0,0,0,0,0,0,0,0,0,0,0,0,0,0,0,0,0,0,0,0,0,0,0,0,0,0,0,0,0,0,0,0,0,0,0,0,0,0,0,0,0,0,0
33,35,95C76349-B0AA-4420-AEDE-49C01C77AC8A,35,1311750357,392904,1311750357,392904,"{
}",10036,2,2,1,0,0,0,0,2,100,0,0,0,0,0,0,1,0.5,0,0,1,0.5,0,0,0,0,2,100,0,0,2,1,0,0,0,0,2,100,2,1,0,0,0,0,2,100
34,36,AC5F988F-EB96-4AC7-93B4-FA51C06E0D2D,36,1311750357,392904,1311750357,392904,"{
}",10037,0,0,0,0,0,0,0,0,0,0,0,0,0,0,0,0,0,0,0,0,0,0,0,0,0,0,0,0,0,0,0,0,0,0,0,0,0,0,0,0,0,0,0,0,0
35,37,1B251532-DC06-4A67-8473-4965356DAD07,37,1311750357,392904,1311750357,392904,"{
}",10038,16,11,0.69,5,0.31,0,0,16,100,0,0,2,0.13,0,0,9,0.56,0,0,5,0.31,0,0,0,0,16,100,1,0.06,15,0.94,0,0,0,0,16,100,3,0.19,13,0.81,0,0,16,100
36,38,1B9446D3-8472-404F-9F3F-6B3CBD46557A,38,1311750357,392904,1311750357,392904,"{
}",10039,0,0,0,0,0,0,0,0,0,0,0,0,0,0,0,0,0,0,0,0,0,0,0,0,0,0,0,0,0,0,0,0,0,0,0,0,0,0,0,0,0,0,0,0,0
37,39,AB70266F-18E9-4E74-A834-C49CF7D19093,39,1311750357,392904,1311750357,392904,"{
}",10040,5,4,0.8,1,0.2,0,0,5,100,0,0,3,0.6,0,0,1,0.2,0,0,1,0.2,0,0,0,0,5,100,0,0,5,1,0,0,0,0,5,100,2,0.4,3,0.6,0,0,5,100
38,40,42D87D38-C7DF-4688-9F99-1570A7664678,40,1311750357,392904,1311750357,392904,"{
}",10044,0,0,0,0,0,0,0,0,0,0,0,0,0,0,0,0,0,0,0,0,0,0,0,0,0,0,0,0,0,0,0,0,0,0,0,0,0,0,0,0,0,0,0,0,0
39,41,9D2C5EFD-2410-4872-94C3-5F4D19B963C1,41,1311750357,392904,1311750357,392904,"{
}",10045,0,0,0,0,0,0,0,0,0,0,0,0,0,0,0,0,0,0,0,0,0,0,0,0,0,0,0,0,0,0,0,0,0,0,0,0,0,0,0,0,0,0,0,0,0
40,42,33A723C6-85A7-4D6C-B9A5-12E8BCF9D393,42,1311750357,392904,1311750357,392904,"{
}",10065,0,0,0,0,0,0,0,0,0,0,0,0,0,0,0,0,0,0,0,0,0,0,0,0,0,0,0,0,0,0,0,0,0,0,0,0,0,0,0,0,0,0,0,0,0
41,43,0FB46F93-F795-410C-881D-5791F7E1F336,43,1311750357,392904,1311750357,392904,"{
}",10115,0,0,0,0,0,0,0,0,0,0,0,0,0,0,0,0,0,0,0,0,0,0,0,0,0,0,0,0,0,0,0,0,0,0,0,0,0,0,0,0,0,0,0,0,0
42,44,999052F7-53B3-407B-A7A4-853B44967196,44,1311750357,392904,1311750357,392904,"{
}",10119,0,0,0,0,0,0,0,0,0,0,0,0,0,0,0,0,0,0,0,0,0,0,0,0,0,0,0,0,0,0,0,0,0,0,0,0,0,0,0,0,0,0,0,0,0
43,45,DF64B1A5-2761-4627-9EBC-E14551CB476D,45,1311750357,392904,1311750357,392904,"{
}",10128,0,0,0,0,0,0,0,0,0,0,0,0,0,0,0,0,0,0,0,0,0,0,0,0,0,0,0,0,0,0,0,0,0,0,0,0,0,0,0,0,0,0,0,0,0
44,46,ACB53AB5-EE6F-4216-B57A-03B05ABEFA7E,46,1311750357,392904,1311750357,392904,"{
}",10154,0,0,0,0,0,0,0,0,0,0,0,0,0,0,0,0,0,0,0,0,0,0,0,0,0,0,0,0,0,0,0,0,0,0,0,0,0,0,0,0,0,0,0,0,0
45,47,65A7CF63-D7C2-4DB9-BC7D-2D24A47BC971,47,1311750357,392904,1311750357,392904,"{
}",10278,0,0,0,0,0,0,0,0,0,0,0,0,0,0,0,0,0,0,0,0,0,0,0,0,0,0,0,0,0,0,0,0,0,0,0,0,0,0,0,0,0,0,0,0,0
46,48,D8346DFF-D0B5-4A7D-A878-2271E7250A0E,48,1311750357,392904,1311750357,392904,"{
}",10280,0,0,0,0,0,0,0,0,0,0,0,0,0,0,0,0,0,0,0,0,0,0,0,0,0,0,0,0,0,0,0,0,0,0,0,0,0,0,0,0,0,0,0,0,0
47,49,DACBA2AB-1728-4AC9-B27A-4D969AF69550,49,1311750357,392904,1311750357,392904,"{
}",10301,0,0,0,0,0,0,0,0,0,0,0,0,0,0,0,0,0,0,0,0,0,0,0,0,0,0,0,0,0,0,0,0,0,0,0,0,0,0,0,0,0,0,0,0,0
48,50,4126BF27-E281-4D60-9815-44D0CCDE1DF6,50,1311750357,392904,1311750357,392904,"{
}",10302,0,0,0,0,0,0,0,0,0,0,0,0,0,0,0,0,0,0,0,0,0,0,0,0,0,0,0,0,0,0,0,0,0,0,0,0,0,0,0,0,0,0,0,0,0
49,51,7B3FAAEB-7DF7-4732-A0EE-77B882AC6AFC,51,1311750357,392904,1311750357,392904,"{
}",10303,0,0,0,0,0,0,0,0,0,0,0,0,0,0,0,0,0,0,0,0,0,0,0,0,0,0,0,0,0,0,0,0,0,0,0,0,0,0,0,0,0,0,0,0,0
50,52,216BBFFE-0639-4E06-A3C6-CC623510566D,52,1311750357,392904,1311750357,392904,"{
}",10304,0,0,0,0,0,0,0,0,0,0,0,0,0,0,0,0,0,0,0,0,0,0,0,0,0,0,0,0,0,0,0,0,0,0,0,0,0,0,0,0,0,0,0,0,0
51,53,497FA4F6-9C71-49F2-9BE1-88339988EF4E,53,1311750357,392904,1311750357,392904,"{
}",10305,0,0,0,0,0,0,0,0,0,0,0,0,0,0,0,0,0,0,0,0,0,0,0,0,0,0,0,0,0,0,0,0,0,0,0,0,0,0,0,0,0,0,0,0,0
52,54,0A7DDAA2-3FFA-487F-B6BB-E5EFB87D2488,54,1311750357,392904,1311750357,392904,"{
}",10306,1,0,0,1,1,0,0,1,100,0,0,0,0,0,0,1,1,0,0,0,0,0,0,0,0,1,100,0,0,1,1,0,0,0,0,1,100,0,0,1,1,0,0,1,100
53,55,9DC42E06-0693-4BCD-96FE-5DE7C29F62D8,55,1311750357,392904,1311750357,392904,"{
}",10307,0,0,0,0,0,0,0,0,0,0,0,0,0,0,0,0,0,0,0,0,0,0,0,0,0,0,0,0,0,0,0,0,0,0,0,0,0,0,0,0,0,0,0,0,0
54,56,19B59F71-E14D-4BA6-88FD-6724144880B1,56,1311750357,392904,1311750357,392904,"{
}",10309,0,0,0,0,0,0,0,0,0,0,0,0,0,0,0,0,0,0,0,0,0,0,0,0,0,0,0,0,0,0,0,0,0,0,0,0,0,0,0,0,0,0,0,0,0
55,57,039C9AEE-2CB4-4833-9AD8-5FDD3DD3924A,57,1311750357,392904,1311750357,392904,"{
}",10310,0,0,0,0,0,0,0,0,0,0,0,0,0,0,0,0,0,0,0,0,0,0,0,0,0,0,0,0,0,0,0,0,0,0,0,0,0,0,0,0,0,0,0,0,0
56,58,35CCCCFB-52CA-48CB-B0C6-4C76710ED6A0,58,1311750357,392904,1311750357,392904,"{
}",10312,0,0,0,0,0,0,0,0,0,0,0,0,0,0,0,0,0,0,0,0,0,0,0,0,0,0,0,0,0,0,0,0,0,0,0,0,0,0,0,0,0,0,0,0,0
57,59,731D863C-4C37-43FD-9C8A-258C68718CAD,59,1311750357,392904,1311750357,392904,"{
}",10314,0,0,0,0,0,0,0,0,0,0,0,0,0,0,0,0,0,0,0,0,0,0,0,0,0,0,0,0,0,0,0,0,0,0,0,0,0,0,0,0,0,0,0,0,0
58,60,4789C7B9-C04E-4350-B270-605E3BA5A067,60,1311750357,392904,1311750357,392904,"{
}",10451,41,21,0.51,20,0.49,0,0,41,100,0,0,22,0.54,0,0,1,0.02,0,0,15,0.37,2,0.05,1,0.02,41,100,3,0.07,38,0.93,0,0,0,0,41,100,12,0.29,29,0.71,0,0,41,100
59,61,DCB43C24-73B0-41AA-B53E-5A51AF472AE7,61,1311750357,392904,1311750357,392904,"{
}",10452,17,12,0.71,5,0.29,0,0,17,100,0,0,10,0.59,0,0,0,0,0,0,5,0.29,1,0.06,1,0.06,17,100,0,0,17,1,0,0,0,0,17,100,3,0.18,14,0.82,0,0,17,100
60,62,87400E26-BFC0-4A6D-8E72-F6F21186A7A2,62,1311750357,392904,1311750357,392904,"{
}",10453,14,7,0.5,7,0.5,0,0,14,100,0,0,6,0.43,0,0,0,0,0,0,8,0.57,0,0,0,0,14,100,2,0.14,12,0.86,0,0,0,0,14,100,8,0.57,6,0.43,0,0,14,100
61,63,DFA88278-8450-4FBA-A545-A195E4E3AA39,63,1311750357,392904,1311750357,392904,"{
}",10454,18,8,0.44,10,0.56,0,0,18,100,0,0,7,0.39,0,0,1,0.06,0,0,10,0.56,0,0,0,0,18,100,1,0.06,17,0.94,0,0,0,0,18,100,8,0.44,10,0.56,0,0,18,100
62,64,1877EE05-CE31-4AB7-891B-862C398EE2B3,64,1311750357,392904,1311750357,392904,"{
}",10455,27,17,0.63,10,0.37,0,0,27,100,0,0,5,0.19,0,0,0,0,0,0,20,0.74,2,0.07,0,0,27,100,1,0.04,25,0.93,1,0.04,0,0,27,100,7,0.26,20,0.74,0,0,27,100
63,65,F43CBBC2-851C-421D-BDA7-48BCBB41DBA2,65,1311750357,392904,1311750357,392904,"{
}",10456,5,3,0.6,2,0.4,0,0,5,100,0,0,3,0.6,1,0.2,0,0,0,0,0,0,1,0.2,0,0,5,100,0,0,5,1,0,0,0,0,5,100,1,0.2,4,0.8,0,0,5,100
64,66,8177BE09-05E5-4CDC-837C-FF43C12902CD,66,1311750357,392904,1311750357,392904,"{
}",10457,0,0,0,0,0,0,0,0,0,0,0,0,0,0,0,0,0,0,0,0,0,0,0,0,0,0,0,0,0,0,0,0,0,0,0,0,0,0,0,0,0,0,0,0,0
65,67,F37C228B-8281-4ABF-99D5-9EEBB16B50B5,67,1311750357,392904,1311750357,392904,"{
}",10458,52,25,0.48,27,0.52,0,0,52,100,0,0,24,0.46,0,0,0,0,1,0.02,23,0.44,3,0.06,1,0.02,52,100,3,0.06,48,0.92,1,0.02,0,0,52,100,19,0.37,33,0.63,0,0,52,100
66,68,60F450D0-1EAF-40D5-98BD-9F4D731D53F2,68,1311750357,392904,1311750357,392904,"{
}",10459,7,5,0.71,2,0.29,0,0,7,100,0,0,3,0.43,0,0,0,0,0,0,4,0.57,0,0,0,0,7,100,2,0.29,5,0.71,0,0,0,0,7,100,3,0.43,4,0.57,0,0,7,100
67,69,449239DA-37CB-4E0A-8EFB-403E948D0F88,69,1311750357,392904,1311750357,392904,"{
}",10460,27,20,0.74,7,0.26,0,0,27,100,0,0,9,0.33,0,0,0,0,1,0.04,15,0.56,2,0.07,0,0,27,100,2,0.07,25,0.93,0,0,0,0,27,100,14,0.52,13,0.48,0,0,27,100
68,70,25CAA1B9-A506-46B5-99E1-42C2CA45A63C,70,1311750357,392904,1311750357,392904,"{
}",10461,49,26,0.53,23,0.47,0,0,49,100,1,0.02,21,0.43,1,0.02,1,0.02,1,0.02,18,0.37,5,0.1,1,0.02,49,100,1,0.02,48,0.98,0,0,0,0,49,100,21,0.43,28,0.57,0,0,49,100
69,71,A2A8B02C-C565-4634-B609-BE81CDCC51B7,71,1311750357,392904,1311750357,392904,"{
}",10462,3,2,0.67,1,0.33,0,0,3,100,0,0,1,0.33,0,0,0,0,0,0,2,0.67,0,0,0,0,3,100,0,0,2,0.67,1,0.33,0,0,3,100,3,1,0,0,0,0,3,100
70,72,3EDD6D3D-0C4E-44CF-8EA0-781DA62BC83A,72,1311750357,392904,1311750357,392904,"{
}",10463,59,33,0.56,26,0.44,0,0,59,100,0,0,36,0.61,0,0,0,0,2,0.03,18,0.31,3,0.05,0,0,59,100,3,0.05,54,0.92,2,0.03,0,0,59,100,20,0.34,39,0.66,0,0,59,100
71,73,EFA600EB-24A6-406E-B0E7-D5960F0E66B7,73,1311750357,392904,1311750357,392904,"{
}",10464,15,7,0.47,8,0.53,0,0,15,100,0,0,7,0.47,0,0,1,0.07,0,0,7,0.47,0,0,0,0,15,100,0,0,15,1,0,0,0,0,15,100,7,0.47,8,0.53,0,0,15,100
72,74,E657B2DF-2CFC-49F2-8C56-47042F351BF1,74,1311750357,392904,1311750357,392904,"{
}",10465,21,17,0.81,4,0.19,0,0,21,100,0,0,14,0.67,0,0,1,0.05,4,0.19,2,0.1,0,0,0,0,21,100,1,0.05,20,0.95,0,0,0,0,21,100,5,0.24,16,0.76,0,0,21,100
73,75,3EC1B670-AEE6-451A-89E4-E45DDF2AF284,75,1311750357,392904,1311750357,392904,"{
}",10466,65,39,0.6,26,0.4,0,0,65,100,1,0.02,14,0.22,0,0,0,0,0,0,50,0.77,0,0,0,0,65,100,3,0.05,62,0.95,0,0,0,0,65,100,17,0.26,48,0.74,0,0,65,100
74,76,5A422B83-4EC0-4F24-86F8-21E73478C14D,76,1311750357,392904,1311750357,392904,"{
}",10467,106,65,0.61,41,0.39,0,0,106,100,0,0,51,0.48,1,0.01,4,0.04,1,0.01,47,0.44,2,0.02,0,0,106,100,10,0.09,94,0.89,2,0.02,0,0,106,100,33,0.31,73,0.69,0,0,106,100
75,77,37633877-568E-4E66-A75B-4688B959903A,77,1311750357,392904,1311750357,392904,"{
}",10468,81,46,0.57,35,0.43,0,0,81,100,0,0,35,0.43,0,0,3,0.04,0,0,36,0.44,7,0.09,0,0,81,100,2,0.02,79,0.98,0,0,0,0,81,100,23,0.28,58,0.72,0,0,81,100
76,78,3D6CBC61-ECB5-4E27-8266-1FD6B68BF9E1,78,1311750357,392904,1311750357,392904,"{
}",10469,10,7,0.7,3,0.3,0,0,10,100,0,0,4,0.4,0,0,0,0,1,0.1,5,0.5,0,0,0,0,10,100,2,0.2,8,0.8,0,0,0,0,10,100,4,0.4,6,0.6,0,0,10,100
77,79,F914E48F-DA33-47F2-8192-74800E7F1EA7,79,1311750357,392904,1311750357,392904,"{
}",10471,43,24,0.56,19,0.44,0,0,43,100,0,0,27,0.63,0,0,1,0.02,2,0.05,12,0.28,1,0.02,0,0,43,100,2,0.05,41,0.95,0,0,0,0,43,100,17,0.4,26,0.6,0,0,43,100
78,80,2B7D96ED-C48D-46AB-A498-A27D4F8C024C,80,1311750357,392904,1311750357,392904,"{
}",10472,0,0,0,0,0,0,0,0,0,0,0,0,0,0,0,0,0,0,0,0,0,0,0,0,0,0,0,0,0,0,0,0,0,0,0,0,0,0,0,0,0,0,0,0,0
79,81,18CD2C84-1BEF-4F06-B82C-DB978D7E2CFF,81,1311750357,392904,1311750357,392904,"{
}",10473,0,0,0,0,0,0,0,0,0,0,0,0,0,0,0,0,0,0,0,0,0,0,0,0,0,0,0,0,0,0,0,0,0,0,0,0,0,0,0,0,0,0,0,0,0
80,82,5553BB4D-FB10-43D3-AF7A-78C70F6F5A9B,82,1311750357,392904,1311750357,392904,"{
}",10474,0,0,0,0,0,0,0,0,0,0,0,0,0,0,0,0,0,0,0,0,0,0,0,0,0,0,0,0,0,0,0,0,0,0,0,0,0,0,0,0,0,0,0,0,0
81,83,22F151C7-2C58-4369-93C0-1224855859DE,83,1311750357,392904,1311750357,392904,"{
}",10475,20,12,0.6,8,0.4,0,0,20,100,0,0,7,0.35,0,0,0,0,1,0.05,12,0.6,0,0,0,0,20,100,2,0.1,18,0.9,0,0,0,0,20,100,8,0.4,12,0.6,0,0,20,100
82,84,09C3E7B1-C773-4C79-9B1C-1EE7FBC6904B,84,1311750357,392904,1311750357,392904,"{
}",10514,0,0,0,0,0,0,0,0,0,0,0,0,0,0,0,0,0,0,0,0,0,0,0,0,0,0,0,0,0,0,0,0,0,0,0,0,0,0,0,0,0,0,0,0,0
83,85,421E1351-8A1D-4462-B3B4-31A4DF12E705,85,1311750357,392904,1311750357,392904,"{
}",10543,0,0,0,0,0,0,0,0,0,0,0,0,0,0,0,0,0,0,0,0,0,0,0,0,0,0,0,0,0,0,0,0,0,0,0,0,0,0,0,0,0,0,0,0,0
84,86,8D358519-0B7F-4526-87F3-BDB5FD39EC2D,86,1311750357,392904,1311750357,392904,"{
}",10553,0,0,0,0,0,0,0,0,0,0,0,0,0,0,0,0,0,0,0,0,0,0,0,0,0,0,0,0,0,0,0,0,0,0,0,0,0,0,0,0,0,0,0,0,0
85,87,CE36F6EB-0093-416E-A348-8A584C74C81C,87,1311750357,392904,1311750357,392904,"{
}",10573,0,0,0,0,0,0,0,0,0,0,0,0,0,0,0,0,0,0,0,0,0,0,0,0,0,0,0,0,0,0,0,0,0,0,0,0,0,0,0,0,0,0,0,0,0
86,88,E5DF6369-AF0E-485E-BB8D-68369F3804C4,88,1311750357,392904,1311750357,392904,"{
}",10701,0,0,0,0,0,0,0,0,0,0,0,0,0,0,0,0,0,0,0,0,0,0,0,0,0,0,0,0,0,0,0,0,0,0,0,0,0,0,0,0,0,0,0,0,0
87,89,19693C47-A663-4B10-BACC-D412B099CF24,89,1311750357,392904,1311750357,392904,"{
}",10705,0,0,0,0,0,0,0,0,0,0,0,0,0,0,0,0,0,0,0,0,0,0,0,0,0,0,0,0,0,0,0,0,0,0,0,0,0,0,0,0,0,0,0,0,0
88,90,55B53A24-EDAE-4A33-9BB4-51BD917300F3,90,1311750357,392904,1311750357,392904,"{
}",10911,0,0,0,0,0,0,0,0,0,0,0,0,0,0,0,0,0,0,0,0,0,0,0,0,0,0,0,0,0,0,0,0,0,0,0,0,0,0,0,0,0,0,0,0,0
89,91,3FA4FF41-4356-4D13-AD29-DE4C4605F0EA,91,1311750357,392904,1311750357,392904,"{
}",10965,0,0,0,0,0,0,0,0,0,0,0,0,0,0,0,0,0,0,0,0,0,0,0,0,0,0,0,0,0,0,0,0,0,0,0,0,0,0,0,0,0,0,0,0,0
90,92,666B06BF-8A98-451F-B660-307274DA8893,92,1311750357,392904,1311750357,392904,"{
}",10977,0,0,0,0,0,0,0,0,0,0,0,0,0,0,0,0,0,0,0,0,0,0,0,0,0,0,0,0,0,0,0,0,0,0,0,0,0,0,0,0,0,0,0,0,0
91,93,59E9F76F-95FD-4BC9-B551-904F5B5E9D53,93,1311750357,392904,1311750357,392904,"{
}",11001,0,0,0,0,0,0,0,0,0,0,0,0,0,0,0,0,0,0,0,0,0,0,0,0,0,0,0,0,0,0,0,0,0,0,0,0,0,0,0,0,0,0,0,0,0
92,94,40FAADF5-3030-4E15-B586-AF9FF1351A00,94,1311750357,392904,1311750357,392904,"{
}",11021,0,0,0,0,0,0,0,0,0,0,0,0,0,0,0,0,0,0,0,0,0,0,0,0,0,0,0,0,0,0,0,0,0,0,0,0,0,0,0,0,0,0,0,0,0
93,95,AA0ED77C-48EA-4BA0-B416-D0D4233E323A,95,1311750357,392904,1311750357,392904,"{
}",11050,0,0,0,0,0,0,0,0,0,0,0,0,0,0,0,0,0,0,0,0,0,0,0,0,0,0,0,0,0,0,0,0,0,0,0,0,0,0,0,0,0,0,0,0,0
94,96,154654E1-E6C3-43F1-8F57-C80875A5D853,96,1311750357,392904,1311750357,392904,"{
}",11101,1,0,0,1,1,0,0,1,100,0,0,0,0,0,0,1,1,0,0,0,0,0,0,0,0,1,100,0,0,1,1,0,0,0,0,1,100,0,0,1,1,0,0,1,100
95,97,1D39EFAC-A13A-4647-A326-DC3F613E9B00,97,1311750357,392904,1311750357,392904,"{
}",11102,0,0,0,0,0,0,0,0,0,0,0,0,0,0,0,0,0,0,0,0,0,0,0,0,0,0,0,0,0,0,0,0,0,0,0,0,0,0,0,0,0,0,0,0,0
96,98,21890B45-0D07-4485-9FA4-0495AF5D1300,98,1311750357,392904,1311750357,392904,"{
}",11103,0,0,0,0,0,0,0,0,0,0,0,0,0,0,0,0,0,0,0,0,0,0,0,0,0,0,0,0,0,0,0,0,0,0,0,0,0,0,0,0,0,0,0,0,0
97,99,476FCCC0-2CBB-4CEF-9221-A9EEEFC6D0B1,99,1311750357,392904,1311750357,392904,"{
}",11104,0,0,0,0,0,0,0,0,0,0,0,0,0,0,0,0,0,0,0,0,0,0,0,0,0,0,0,0,0,0,0,0,0,0,0,0,0,0,0,0,0,0,0,0,0
98,100,F2CEBCF0-3C72-43DC-B625-1C46F092B946,100,1311750357,392904,1311750357,392904,"{
}",11105,0,0,0,0,0,0,0,0,0,0,0,0,0,0,0,0,0,0,0,0,0,0,0,0,0,0,0,0,0,0,0,0,0,0,0,0,0,0,0,0,0,0,0,0,0
99,101,9AF68F99-8DDE-4D02-848B-C85E910FBC9C,101,1311750357,392904,1311750357,392904,"{
}",11106,0,0,0,0,0,0,0,0,0,0,0,0,0,0,0,0,0,0,0,0,0,0,0,0,0,0,0,0,0,0,0,0,0,0,0,0,0,0,0,0,0,0,0,0,0
100,102,96317A5A-E48F-48BD-AF0E-8E587515A841,102,1311750357,392904,1311750357,392904,"{
}",11111,0,0,0,0,0,0,0,0,0,0,0,0,0,0,0,0,0,0,0,0,0,0,0,0,0,0,0,0,0,0,0,0,0,0,0,0,0,0,0,0,0,0,0,0,0
101,103,811FDA59-291C-4654-9E5C-345C2510B6B0,103,1311750357,392904,1311750357,392904,"{
}",11112,0,0,0,0,0,0,0,0,0,0,0,0,0,0,0,0,0,0,0,0,0,0,0,0,0,0,0,0,0,0,0,0,0,0,0,0,0,0,0,0,0,0,0,0,0
102,104,BA7A048B-23EF-460F-870C-10D551AAE3EF,104,1311750357,392904,1311750357,392904,"{
}",11201,11,6,0.55,5,0.45,0,0,11,100,0,0,2,0.18,0,0,1,0.09,1,0.09,5,0.45,2,0.18,0,0,11,99,0,0,11,1,0,0,0,0,11,100,2,0.18,9,0.82,0,0,11,100
103,105,0BA7AB28-C03D-4D97-8224-3B6D3D659A1B,105,1311750357,392904,1311750357,392904,"{
}",11202,0,0,0,0,0,0,0,0,0,0,0,0,0,0,0,0,0,0,0,0,0,0,0,0,0,0,0,0,0,0,0,0,0,0,0,0,0,0,0,0,0,0,0,0,0
104,106,2DE5F72A-C91C-4949-BF71-61C56A8C338D,106,1311750357,392904,1311750357,392904,"{
}",11203,15,12,0.8,3,0.2,0,0,15,100,0,0,2,0.13,0,0,1,0.07,2,0.13,8,0.53,2,0.13,0,0,15,99,1,0.07,14,0.93,0,0,0,0,15,100,1,0.07,14,0.93,0,0,15,100
105,107,FC1BEC9B-E23C-4B40-B991-7439F08966F7,107,1311750357,392904,1311750357,392904,"{
}",11204,37,17,0.46,20,0.54,0,0,37,100,0,0,0,0,0,0,0,0,36,0.97,0,0,1,0.03,0,0,37,100,1,0.03,36,0.97,0,0,0,0,37,100,19,0.51,18,0.49,0,0,37,100
106,108,93D35549-084A-4799-A223-F25844464F0C,108,1311750357,392904,1311750357,392904,"{
}",11205,5,5,1,0,0,0,0,5,100,0,0,0,0,0,0,0,0,4,0.8,0,0,1,0.2,0,0,5,100,0,0,5,1,0,0,0,0,5,100,3,0.6,2,0.4,0,0,5,100
107,109,3E186D57-04AF-4474-9DC2-3B926CB97A2C,109,1311750357,392904,1311750357,392904,"{
}",11206,13,3,0.23,10,0.77,0,0,13,100,0,0,0,0,0,0,0,0,13,1,0,0,0,0,0,0,13,100,0,0,13,1,0,0,0,0,13,100,9,0.69,4,0.31,0,0,13,100
108,110,386225E7-55ED-4B01-9845-B32430F8162C,110,1311750357,392904,1311750357,392904,"{
}",11207,0,0,0,0,0,0,0,0,0,0,0,0,0,0,0,0,0,0,0,0,0,0,0,0,0,0,0,0,0,0,0,0,0,0,0,0,0,0,0,0,0,0,0,0,0
109,111,A4114EE1-704C-4454-87CA-19E9F885B017,111,1311750357,392904,1311750357,392904,"{
}",11208,0,0,0,0,0,0,0,0,0,0,0,0,0,0,0,0,0,0,0,0,0,0,0,0,0,0,0,0,0,0,0,0,0,0,0,0,0,0,0,0,0,0,0,0,0
110,112,DA2573CD-9AFE-4761-A817-E355127DED0C,112,1311750357,392904,1311750357,392904,"{
}",11209,0,0,0,0,0,0,0,0,0,0,0,0,0,0,0,0,0,0,0,0,0,0,0,0,0,0,0,0,0,0,0,0,0,0,0,0,0,0,0,0,0,0,0,0,0
111,113,DD164BFE-99C4-4133-A6AE-377E97C3E27A,113,1311750357,392904,1311750357,392904,"{
}",11210,36,12,0.33,24,0.67,0,0,36,100,0,0,0,0,0,0,0,0,33,0.92,0,0,3,0.08,0,0,36,100,0,0,36,1,0,0,0,0,36,100,11,0.31,25,0.69,0,0,36,100
112,114,3CE26032-93D5-43CF-8143-72B7A230A920,114,1311750357,392904,1311750357,392904,"{
}",11211,34,31,0.91,3,0.09,0,0,34,100,0,0,2,0.06,0,0,1,0.03,28,0.82,1,0.03,2,0.06,0,0,34,100,0,0,34,1,0,0,0,0,34,100,22,0.65,12,0.35,0,0,34,100
113,115,E390445F-6A3C-4E06-B110-64E3B0133603,115,1311750357,392904,1311750357,392904,"{
}",11212,10,8,0.8,2,0.2,0,0,10,100,0,0,1,0.1,0,0,1,0.1,0,0,7,0.7,1,0.1,0,0,10,100,1,0.1,9,0.9,0,0,0,0,10,100,0,0,10,1,0,0,10,100
114,116,7605247F-9962-43AD-BECC-A3CA7F1EB974,116,1311750357,392904,1311750357,392904,"{
}",11213,38,17,0.45,21,0.55,0,0,38,100,0,0,0,0,0,0,0,0,32,0.84,0,0,6,0.16,0,0,38,100,1,0.03,37,0.97,0,0,0,0,38,100,10,0.26,28,0.74,0,0,38,100
115,117,F21DD1B2-0620-4C82-93CF-EBEBC73998D3,117,1311750357,392904,1311750357,392904,"{
}",11214,10,7,0.7,3,0.3,0,0,10,100,0,0,0,0,0,0,5,0.5,4,0.4,1,0.1,0,0,0,0,10,100,0,0,10,1,0,0,0,0,10,100,2,0.2,8,0.8,0,0,10,100
116,118,23D512C2-0C1F-4019-9480-320AE8EC2AD9,118,1311750357,392904,1311750357,392904,"{
}",11215,0,0,0,0,0,0,0,0,0,0,0,0,0,0,0,0,0,0,0,0,0,0,0,0,0,0,0,0,0,0,0,0,0,0,0,0,0,0,0,0,0,0,0,0,0
117,119,6EA9B536-4F80-426C-82C0-AC00BD64895B,119,1311750357,392904,1311750357,392904,"{
}",11216,0,0,0,0,0,0,0,0,0,0,0,0,0,0,0,0,0,0,0,0,0,0,0,0,0,0,0,0,0,0,0,0,0,0,0,0,0,0,0,0,0,0,0,0,0
118,120,E190B66C-E67B-4B38-952A-C2F644121486,120,1311750357,392904,1311750357,392904,"{
}",11217,0,0,0,0,0,0,0,0,0,0,0,0,0,0,0,0,0,0,0,0,0,0,0,0,0,0,0,0,0,0,0,0,0,0,0,0,0,0,0,0,0,0,0,0,0
119,121,05D4D447-DDAE-4B4C-AF3F-02A7A0B81A4A,121,1311750357,392904,1311750357,392904,"{
}",11218,111,97,0.87,14,0.13,0,0,111,100,0,0,1,0.01,0,0,3,0.03,95,0.86,6,0.05,6,0.05,0,0,111,100,8,0.07,102,0.92,1,0.01,0,0,111,100,51,0.46,60,0.54,0,0,111,100
120,122,62DB0A77-1681-4DD4-987A-5C1FBD0D38A3,122,1311750357,392904,1311750357,392904,"{
}",11219,214,182,0.85,32,0.15,0,0,214,100,0,0,1,0,0,0,1,0,205,0.96,0,0,6,0.03,1,0,214,99,2,0.01,212,0.99,0,0,0,0,214,100,112,0.52,102,0.48,0,0,214,100
121,123,FBDAC85E-234B-49D1-9E81-EAF28BB62383,123,1311750357,392904,1311750357,392904,"{
}",11220,8,1,0.13,7,0.88,0,0,8,100,0,0,0,0,0,0,1,0.13,6,0.75,0,0,1,0.13,0,0,8,100,0,0,8,1,0,0,0,0,8,100,5,0.63,3,0.38,0,0,8,100
122,124,8197C9D6-6E80-4F3D-80FB-9990405FD79A,124,1311750357,392904,1311750357,392904,"{
}",11221,0,0,0,0,0,0,0,0,0,0,0,0,0,0,0,0,0,0,0,0,0,0,0,0,0,0,0,0,0,0,0,0,0,0,0,0,0,0,0,0,0,0,0,0,0
123,125,7AA16036-C632-4245-AAC7-47B4B7DC5420,125,1311750357,392904,1311750357,392904,"{
}",11222,0,0,0,0,0,0,0,0,0,0,0,0,0,0,0,0,0,0,0,0,0,0,0,0,0,0,0,0,0,0,0,0,0,0,0,0,0,0,0,0,0,0,0,0,0
124,126,C17A06CB-BA84-4B3A-93CD-26A25D98DCA5,126,1311750357,392904,1311750357,392904,"{
}",11223,109,53,0.49,56,0.51,0,0,109,100,0,0,1,0.01,0,0,7,0.06,95,0.87,1,0.01,5,0.05,0,0,109,100,6,0.06,102,0.94,1,0.01,0,0,109,100,20,0.18,89,0.82,0,0,109,100
125,127,352F8AD2-3D13-4286-867C-9E934D8B71AE,127,1311750357,392904,1311750357,392904,"{
}",11224,93,53,0.57,40,0.43,0,0,93,100,0,0,14,0.15,0,0,7,0.08,4,0.04,60,0.65,8,0.09,0,0,93,100,6,0.06,86,0.92,1,0.01,0,0,93,99,28,0.3,65,0.7,0,0,93,100
126,128,89B23548-BC4C-4CD9-BA51-7EC142D11830,128,1311750357,392904,1311750357,392904,"{
}",11225,52,52,1,0,0,0,0,52,100,0,0,0,0,0,0,0,0,52,1,0,0,0,0,0,0,52,100,0,0,52,1,0,0,0,0,52,100,22,0.42,30,0.58,0,0,52,100
127,129,9C04EB76-5113-4268-96E8-3A3DEDF1572F,129,1311750357,392904,1311750357,392904,"{
}",11226,10,7,0.7,3,0.3,0,0,10,100,0,0,6,0.6,0,0,0,0,0,0,4,0.4,0,0,0,0,10,100,0,0,10,1,0,0,0,0,10,100,4,0.4,6,0.6,0,0,10,100
128,130,2609E581-B143-44B1-A1B1-AA06B6E486A2,130,1311750357,392904,1311750357,392904,"{
}",11228,0,0,0,0,0,0,0,0,0,0,0,0,0,0,0,0,0,0,0,0,0,0,0,0,0,0,0,0,0,0,0,0,0,0,0,0,0,0,0,0,0,0,0,0,0
129,131,33426E87-351F-4D9F-B5C3-5733B3F5E453,131,1311750357,392904,1311750357,392904,"{
}",11229,52,32,0.62,20,0.38,0,0,52,100,0,0,2,0.04,0,0,5,0.1,39,0.75,2,0.04,3,0.06,1,0.02,52,100,3,0.06,49,0.94,0,0,0,0,52,100,5,0.1,47,0.9,0,0,52,100
130,132,C4C8D9CD-1F51-4949-AAE8-0BD9E4684414,132,1311750357,392904,1311750357,392904,"{
}",11230,248,194,0.78,54,0.22,0,0,248,100,0,0,1,0,0,0,7,0.03,216,0.87,2,0.01,17,0.07,5,0.02,248,100,3,0.01,245,0.99,0,0,0,0,248,100,42,0.17,206,0.83,0,0,248,100
131,133,B0E41338-5DDD-4356-8C6D-490FB137C423,133,1311750357,392904,1311750357,392904,"{
}",11231,0,0,0,0,0,0,0,0,0,0,0,0,0,0,0,0,0,0,0,0,0,0,0,0,0,0,0,0,0,0,0,0,0,0,0,0,0,0,0,0,0,0,0,0,0
132,134,90774D40-1A41-4E19-AA0A-ABDE92A0886C,134,1311750357,392904,1311750357,392904,"{
}",11232,0,0,0,0,0,0,0,0,0,0,0,0,0,0,0,0,0,0,0,0,0,0,0,0,0,0,0,0,0,0,0,0,0,0,0,0,0,0,0,0,0,0,0,0,0
133,135,1BA7FFC5-F06B-437A-8FFE-90F7B8A95F0D,135,1311750357,392904,1311750357,392904,"{
}",11233,14,6,0.43,8,0.57,0,0,14,100,0,0,0,0,0,0,0,0,4,0.29,9,0.64,1,0.07,0,0,14,100,0,0,14,1,0,0,0,0,14,100,5,0.36,9,0.64,0,0,14,100
134,136,36844D25-C523-43F0-B934-D916F7D25E94,136,1311750357,392904,1311750357,392904,"{
}",11234,59,29,0.49,30,0.51,0,0,59,100,0,0,8,0.14,0,0,0,0,37,0.63,10,0.17,4,0.07,0,0,59,100,1,0.02,58,0.98,0,0,0,0,59,100,2,0.03,57,0.97,0,0,59,100
135,137,243B66CA-0A08-4BB7-B1B6-B7687A02DC3B,137,1311750357,392904,1311750357,392904,"{
}",11235,50,17,0.34,33,0.66,0,0,50,100,0,0,7,0.14,0,0,4,0.08,36,0.72,2,0.04,1,0.02,0,0,50,100,1,0.02,48,0.96,1,0.02,0,0,50,100,4,0.08,46,0.92,0,0,50,100
136,138,2AD2D96D-88EB-45F5-BCCA-ACC87A148DB8,138,1311750357,392904,1311750357,392904,"{
}",11236,7,3,0.43,4,0.57,0,0,7,100,0,0,0,0,0,0,0,0,1,0.14,5,0.71,0,0,1,0.14,7,99,2,0.29,5,0.71,0,0,0,0,7,100,0,0,7,1,0,0,7,100
137,139,FAD22CBB-7143-42CC-BC02-20076C948FF2,139,1311750357,392904,1311750357,392904,"{
}",11237,0,0,0,0,0,0,0,0,0,0,0,0,0,0,0,0,0,0,0,0,0,0,0,0,0,0,0,0,0,0,0,0,0,0,0,0,0,0,0,0,0,0,0,0,0
138,140,D22405F4-7112-442A-B354-6B0DCC55C238,140,1311750357,392904,1311750357,392904,"{
}",11238,0,0,0,0,0,0,0,0,0,0,0,0,0,0,0,0,0,0,0,0,0,0,0,0,0,0,0,0,0,0,0,0,0,0,0,0,0,0,0,0,0,0,0,0,0
139,141,C9ADECE0-8A71-4A1C-8269-78230AEF477F,141,1311750357,392904,1311750357,392904,"{
}",11239,0,0,0,0,0,0,0,0,0,0,0,0,0,0,0,0,0,0,0,0,0,0,0,0,0,0,0,0,0,0,0,0,0,0,0,0,0,0,0,0,0,0,0,0,0
140,142,2C50F2EB-73FD-4775-AE04-848ED02C9004,142,1311750357,392904,1311750357,392904,"{
}",11252,0,0,0,0,0,0,0,0,0,0,0,0,0,0,0,0,0,0,0,0,0,0,0,0,0,0,0,0,0,0,0,0,0,0,0,0,0,0,0,0,0,0,0,0,0
141,143,50DC5008-6354-4362-ACDC-D385C7DF4B21,143,1311750357,392904,1311750357,392904,"{
}",11354,2,1,0.5,1,0.5,0,0,2,100,0,0,1,0.5,0,0,0,0,0,0,0,0,1,0.5,0,0,2,100,2,1,0,0,0,0,0,0,2,100,0,0,2,1,0,0,2,100
142,144,4C910B60-C501-44F5-831F-6EE5AC5F8684,144,1311750357,392904,1311750357,392904,"{
}",11355,0,0,0,0,0,0,0,0,0,0,0,0,0,0,0,0,0,0,0,0,0,0,0,0,0,0,0,0,0,0,0,0,0,0,0,0,0,0,0,0,0,0,0,0,0
143,145,32ACDF45-4FCE-4B0B-AC24-BCEA49A6E7A4,145,1311750357,392904,1311750357,392904,"{
}",11356,0,0,0,0,0,0,0,0,0,0,0,0,0,0,0,0,0,0,0,0,0,0,0,0,0,0,0,0,0,0,0,0,0,0,0,0,0,0,0,0,0,0,0,0,0
144,146,88DC8F3A-9008-4E7C-B0F0-3697129CD235,146,1311750357,392904,1311750357,392904,"{
}",11357,0,0,0,0,0,0,0,0,0,0,0,0,0,0,0,0,0,0,0,0,0,0,0,0,0,0,0,0,0,0,0,0,0,0,0,0,0,0,0,0,0,0,0,0,0
145,147,6778626A-586F-4AB3-8F05-D0647FF791FE,147,1311750357,392904,1311750357,392904,"{
}",11358,0,0,0,0,0,0,0,0,0,0,0,0,0,0,0,0,0,0,0,0,0,0,0,0,0,0,0,0,0,0,0,0,0,0,0,0,0,0,0,0,0,0,0,0,0
146,148,CE6CC022-CDB6-4642-B1B8-DCBD6CE9BC22,148,1311750357,392904,1311750357,392904,"{
}",11360,0,0,0,0,0,0,0,0,0,0,0,0,0,0,0,0,0,0,0,0,0,0,0,0,0,0,0,0,0,0,0,0,0,0,0,0,0,0,0,0,0,0,0,0,0
147,149,B6B8F9D1-5D8B-49B5-B56F-912A3BE60C7B,149,1311750357,392904,1311750357,392904,"{
}",11361,0,0,0,0,0,0,0,0,0,0,0,0,0,0,0,0,0,0,0,0,0,0,0,0,0,0,0,0,0,0,0,0,0,0,0,0,0,0,0,0,0,0,0,0,0
148,150,D49C8002-BC27-4959-B2C6-67C4B5FC9A7E,150,1311750357,392904,1311750357,392904,"{
}",11362,0,0,0,0,0,0,0,0,0,0,0,0,0,0,0,0,0,0,0,0,0,0,0,0,0,0,0,0,0,0,0,0,0,0,0,0,0,0,0,0,0,0,0,0,0
149,151,A0E805AD-89D9-4036-9444-FC2722125E7C,151,1311750357,392904,1311750357,392904,"{
}",11364,0,0,0,0,0,0,0,0,0,0,0,0,0,0,0,0,0,0,0,0,0,0,0,0,0,0,0,0,0,0,0,0,0,0,0,0,0,0,0,0,0,0,0,0,0
150,152,19CC96BB-A522-4888-9ACE-335E82284F3B,152,1311750357,392904,1311750357,392904,"{
}",11365,0,0,0,0,0,0,0,0,0,0,0,0,0,0,0,0,0,0,0,0,0,0,0,0,0,0,0,0,0,0,0,0,0,0,0,0,0,0,0,0,0,0,0,0,0
151,153,A3CDBF77-9C7E-45EA-9BB2-C896E2CE744A,153,1311750357,392904,1311750357,392904,"{
}",11366,0,0,0,0,0,0,0,0,0,0,0,0,0,0,0,0,0,0,0,0,0,0,0,0,0,0,0,0,0,0,0,0,0,0,0,0,0,0,0,0,0,0,0,0,0
152,154,C438F56F-A114-437C-9D8A-ED9159A80D2C,154,1311750357,392904,1311750357,392904,"{
}",11367,0,0,0,0,0,0,0,0,0,0,0,0,0,0,0,0,0,0,0,0,0,0,0,0,0,0,0,0,0,0,0,0,0,0,0,0,0,0,0,0,0,0,0,0,0
153,155,5B10A499-6713-45E7-82DA-08789C8AFDEC,155,1311750357,392904,1311750357,392904,"{
}",11368,5,4,0.8,1,0.2,0,0,5,100,0,0,3,0.6,0,0,1,0.2,1,0.2,0,0,0,0,0,0,5,100,1,0.2,4,0.8,0,0,0,0,5,100,0,0,5,1,0,0,5,100
154,156,901AFF41-A9B7-459E-A2D7-10859EF7D525,156,1311750357,392904,1311750357,392904,"{
}",11369,0,0,0,0,0,0,0,0,0,0,0,0,0,0,0,0,0,0,0,0,0,0,0,0,0,0,0,0,0,0,0,0,0,0,0,0,0,0,0,0,0,0,0,0,0
155,157,82AFCF92-C48D-4D14-950D-F991A430D0D1,157,1311750357,392904,1311750357,392904,"{
}",11370,0,0,0,0,0,0,0,0,0,0,0,0,0,0,0,0,0,0,0,0,0,0,0,0,0,0,0,0,0,0,0,0,0,0,0,0,0,0,0,0,0,0,0,0,0
156,158,6FA9F0B8-A177-41E8-8D59-C17615B02833,158,1311750357,392904,1311750357,392904,"{
}",11371,0,0,0,0,0,0,0,0,0,0,0,0,0,0,0,0,0,0,0,0,0,0,0,0,0,0,0,0,0,0,0,0,0,0,0,0,0,0,0,0,0,0,0,0,0
157,159,FC6061D2-1BFA-49C6-9B36-495268A0D5B7,159,1311750357,392904,1311750357,392904,"{
}",11372,2,1,0.5,1,0.5,0,0,2,100,0,0,2,1,0,0,0,0,0,0,0,0,0,0,0,0,2,100,0,0,2,1,0,0,0,0,2,100,1,0.5,1,0.5,0,0,2,100
158,160,0ECC3D36-0D50-43E4-A7DE-77F0B6E06CFC,160,1311750357,392904,1311750357,392904,"{
}",11373,3,3,1,0,0,0,0,3,100,0,0,0,0,0,0,0,0,3,1,0,0,0,0,0,0,3,100,0,0,3,1,0,0,0,0,3,100,1,0.33,2,0.67,0,0,3,100
159,161,56F6D7AA-3021-4478-864E-CBB573669A0A,161,1311750357,392904,1311750357,392904,"{
}",11374,2,0,0,2,1,0,0,2,100,0,0,0,0,0,0,0,0,1,0.5,1,0.5,0,0,0,0,2,100,0,0,2,1,0,0,0,0,2,100,0,0,2,1,0,0,2,100
160,162,10D0E300-7D74-43A8-8DEF-4E6CC6DD35D5,162,1311750357,392904,1311750357,392904,"{
}",11375,5,2,0.4,3,0.6,0,0,5,100,0,0,2,0.4,0,0,0,0,0,0,3,0.6,0,0,0,0,5,100,0,0,5,1,0,0,0,0,5,100,1,0.2,4,0.8,0,0,5,100
161,163,63B15163-A5D8-4822-AF9E-9193539755FB,163,1311750357,392904,1311750357,392904,"{
}",11377,0,0,0,0,0,0,0,0,0,0,0,0,0,0,0,0,0,0,0,0,0,0,0,0,0,0,0,0,0,0,0,0,0,0,0,0,0,0,0,0,0,0,0,0,0
162,164,20F0A21B-1DE3-44F3-A2CF-F3B12F4EC71B,164,1311750357,392904,1311750357,392904,"{
}",11378,0,0,0,0,0,0,0,0,0,0,0,0,0,0,0,0,0,0,0,0,0,0,0,0,0,0,0,0,0,0,0,0,0,0,0,0,0,0,0,0,0,0,0,0,0
163,165,66D4EFA1-484A-4693-8A36-051E1E012747,165,1311750357,392904,1311750357,392904,"{
}",11379,0,0,0,0,0,0,0,0,0,0,0,0,0,0,0,0,0,0,0,0,0,0,0,0,0,0,0,0,0,0,0,0,0,0,0,0,0,0,0,0,0,0,0,0,0
164,166,29BB3182-D032-4DCC-BE96-5971A1B9A007,166,1311750357,392904,1311750357,392904,"{
}",11385,0,0,0,0,0,0,0,0,0,0,0,0,0,0,0,0,0,0,0,0,0,0,0,0,0,0,0,0,0,0,0,0,0,0,0,0,0,0,0,0,0,0,0,0,0
165,167,C04D6B2E-D75E-4E3D-85D8-4433B042E588,167,1311750357,392904,1311750357,392904,"{
}",11411,0,0,0,0,0,0,0,0,0,0,0,0,0,0,0,0,0,0,0,0,0,0,0,0,0,0,0,0,0,0,0,0,0,0,0,0,0,0,0,0,0,0,0,0,0
166,168,2EC4A063-EFBC-41FC-B40D-F6C3167B72B0,168,1311750357,392904,1311750357,392904,"{
}",11412,0,0,0,0,0,0,0,0,0,0,0,0,0,0,0,0,0,0,0,0,0,0,0,0,0,0,0,0,0,0,0,0,0,0,0,0,0,0,0,0,0,0,0,0,0
167,169,49587838-D0E8-4D9D-A658-E8AF4CD9783E,169,1311750357,392904,1311750357,392904,"{
}",11413,0,0,0,0,0,0,0,0,0,0,0,0,0,0,0,0,0,0,0,0,0,0,0,0,0,0,0,0,0,0,0,0,0,0,0,0,0,0,0,0,0,0,0,0,0
168,170,33BB6E16-3CE3-4919-A277-5D4CB57CF858,170,1311750357,392904,1311750357,392904,"{
}",11414,0,0,0,0,0,0,0,0,0,0,0,0,0,0,0,0,0,0,0,0,0,0,0,0,0,0,0,0,0,0,0,0,0,0,0,0,0,0,0,0,0,0,0,0,0
169,171,4928CFE4-8DCB-4649-92BF-3D8B78114532,171,1311750357,392904,1311750357,392904,"{
}",11415,11,6,0.55,5,0.45,0,0,11,100,0,0,0,0,0,0,0,0,11,1,0,0,0,0,0,0,11,100,1,0.09,10,0.91,0,0,0,0,11,100,5,0.45,6,0.55,0,0,11,100
170,172,0EEEC9E7-1358-4485-8988-C7D0846C4003,172,1311750357,392904,1311750357,392904,"{
}",11416,0,0,0,0,0,0,0,0,0,0,0,0,0,0,0,0,0,0,0,0,0,0,0,0,0,0,0,0,0,0,0,0,0,0,0,0,0,0,0,0,0,0,0,0,0
171,173,DE20E707-BC20-4869-83C6-4AE2780CB871,173,1311750357,392904,1311750357,392904,"{
}",11417,0,0,0,0,0,0,0,0,0,0,0,0,0,0,0,0,0,0,0,0,0,0,0,0,0,0,0,0,0,0,0,0,0,0,0,0,0,0,0,0,0,0,0,0,0
172,174,E0ECC413-EDCB-428C-83F0-79914892EB5D,174,1311750357,392904,1311750357,392904,"{
}",11418,4,2,0.5,2,0.5,0,0,4,100,0,0,1,0.25,0,0,0,0,0,0,1,0.25,1,0.25,1,0.25,4,100,0,0,4,1,0,0,0,0,4,100,1,0.25,3,0.75,0,0,4,100
173,175,3B3F5A0B-3303-404A-813D-E0C509FBD476,175,1311750357,392904,1311750357,392904,"{
}",11419,1,0,0,1,1,0,0,1,100,0,0,0,0,0,0,0,0,0,0,1,1,0,0,0,0,1,100,0,0,1,1,0,0,0,0,1,100,0,0,1,1,0,0,1,100
174,176,55D37C90-7AA5-41FF-8182-D9E1E28B1A0A,176,1311750357,392904,1311750357,392904,"{
}",11420,2,1,0.5,1,0.5,0,0,2,100,0,0,1,0.5,0,0,0,0,0,0,0,0,1,0.5,0,0,2,100,0,0,2,1,0,0,0,0,2,100,2,1,0,0,0,0,2,100
175,177,3F4DB756-B609-433D-9B0F-3FE898C04052,177,1311750357,392904,1311750357,392904,"{
}",11421,0,0,0,0,0,0,0,0,0,0,0,0,0,0,0,0,0,0,0,0,0,0,0,0,0,0,0,0,0,0,0,0,0,0,0,0,0,0,0,0,0,0,0,0,0
176,178,37E32E83-F434-4343-A358-CECCAFE86246,178,1311750357,392904,1311750357,392904,"{
}",11422,0,0,0,0,0,0,0,0,0,0,0,0,0,0,0,0,0,0,0,0,0,0,0,0,0,0,0,0,0,0,0,0,0,0,0,0,0,0,0,0,0,0,0,0,0
177,179,8101C505-BD5B-4366-8B17-FEABB3F9929C,179,1311750357,392904,1311750357,392904,"{
}",11423,0,0,0,0,0,0,0,0,0,0,0,0,0,0,0,0,0,0,0,0,0,0,0,0,0,0,0,0,0,0,0,0,0,0,0,0,0,0,0,0,0,0,0,0,0
178,180,D49DAB8F-2750-4ABD-8F3C-7654F70CE723,180,1311750357,392904,1311750357,392904,"{
}",11424,0,0,0,0,0,0,0,0,0,0,0,0,0,0,0,0,0,0,0,0,0,0,0,0,0,0,0,0,0,0,0,0,0,0,0,0,0,0,0,0,0,0,0,0,0
179,181,66DE0F23-3A51-48B2-8149-629C3D2974B6,181,1311750357,392904,1311750357,392904,"{
}",11425,0,0,0,0,0,0,0,0,0,0,0,0,0,0,0,0,0,0,0,0,0,0,0,0,0,0,0,0,0,0,0,0,0,0,0,0,0,0,0,0,0,0,0,0,0
180,182,4E707AB2-82DD-45FC-B3A6-BE8D36012389,182,1311750357,392904,1311750357,392904,"{
}",11426,0,0,0,0,0,0,0,0,0,0,0,0,0,0,0,0,0,0,0,0,0,0,0,0,0,0,0,0,0,0,0,0,0,0,0,0,0,0,0,0,0,0,0,0,0
181,183,0C1A7F4A-1826-417C-88D9-C53B738D8498,183,1311750357,392904,1311750357,392904,"{
}",11427,2,0,0,2,1,0,0,2,100,0,0,1,0.5,0,0,0,0,0,0,1,0.5,0,0,0,0,2,100,1,0.5,1,0.5,0,0,0,0,2,100,0,0,2,1,0,0,2,100
182,184,363956E1-6F07-4F73-8B24-747413F64527,184,1311750357,392904,1311750357,392904,"{
}",11428,0,0,0,0,0,0,0,0,0,0,0,0,0,0,0,0,0,0,0,0,0,0,0,0,0,0,0,0,0,0,0,0,0,0,0,0,0,0,0,0,0,0,0,0,0
183,185,975CEDB3-B1EB-4795-94A8-90B1CD53CEEB,185,1311750357,392904,1311750357,392904,"{
}",11429,0,0,0,0,0,0,0,0,0,0,0,0,0,0,0,0,0,0,0,0,0,0,0,0,0,0,0,0,0,0,0,0,0,0,0,0,0,0,0,0,0,0,0,0,0
184,186,D437B667-16E1-48C5-AA2B-7B9C4B59D773,186,1311750357,392904,1311750357,392904,"{
}",11430,0,0,0,0,0,0,0,0,0,0,0,0,0,0,0,0,0,0,0,0,0,0,0,0,0,0,0,0,0,0,0,0,0,0,0,0,0,0,0,0,0,0,0,0,0
185,187,A39AD160-F0BC-4C17-B5DE-143DC8E0834D,187,1311750357,392904,1311750357,392904,"{
}",11431,0,0,0,0,0,0,0,0,0,0,0,0,0,0,0,0,0,0,0,0,0,0,0,0,0,0,0,0,0,0,0,0,0,0,0,0,0,0,0,0,0,0,0,0,0
186,188,B86B100D-56F0-45E8-904E-3778344B279C,188,1311750357,392904,1311750357,392904,"{
}",11432,2,2,1,0,0,0,0,2,100,0,0,0,0,0,0,1,0.5,0,0,1,0.5,0,0,0,0,2,100,0,0,2,1,0,0,0,0,2,100,0,0,2,1,0,0,2,100
187,189,CB679C7A-A365-4DAA-A772-16D2FF81B52D,189,1311750357,392904,1311750357,392904,"{
}",11433,0,0,0,0,0,0,0,0,0,0,0,0,0,0,0,0,0,0,0,0,0,0,0,0,0,0,0,0,0,0,0,0,0,0,0,0,0,0,0,0,0,0,0,0,0
188,190,0285795A-9015-435C-8E23-FD1D2C611990,190,1311750357,392904,1311750357,392904,"{
}",11434,4,1,0.25,3,0.75,0,0,4,100,0,0,0,0,0,0,0,0,0,0,4,1,0,0,0,0,4,100,1,0.25,3,0.75,0,0,0,0,4,100,0,0,4,1,0,0,4,100
189,191,1ADDC3D4-9EB9-48EB-8DCA-7D4E25AC4FAA,191,1311750357,392904,1311750357,392904,"{
}",11435,0,0,0,0,0,0,0,0,0,0,0,0,0,0,0,0,0,0,0,0,0,0,0,0,0,0,0,0,0,0,0,0,0,0,0,0,0,0,0,0,0,0,0,0,0
190,192,FE60F28E-CE2C-4A48-8EDC-B3E26FB5C622,192,1311750357,392904,1311750357,392904,"{
}",11436,0,0,0,0,0,0,0,0,0,0,0,0,0,0,0,0,0,0,0,0,0,0,0,0,0,0,0,0,0,0,0,0,0,0,0,0,0,0,0,0,0,0,0,0,0
191,193,69F1CAEF-ABAE-4A7A-958F-71450A132DEA,193,1311750357,392904,1311750357,392904,"{
}",11439,0,0,0,0,0,0,0,0,0,0,0,0,0,0,0,0,0,0,0,0,0,0,0,0,0,0,0,0,0,0,0,0,0,0,0,0,0,0,0,0,0,0,0,0,0
192,194,314E5BFF-47B6-4629-B944-592A35D4719F,194,1311750357,392904,1311750357,392904,"{
}",11451,0,0,0,0,0,0,0,0,0,0,0,0,0,0,0,0,0,0,0,0,0,0,0,0,0,0,0,0,0,0,0,0,0,0,0,0,0,0,0,0,0,0,0,0,0
193,195,557A1134-CB76-4016-BEB0-6147BBD110EF,195,1311750357,392904,1311750357,392904,"{
}",11471,0,0,0,0,0,0,0,0,0,0,0,0,0,0,0,0,0,0,0,0,0,0,0,0,0,0,0,0,0,0,0,0,0,0,0,0,0,0,0,0,0,0,0,0,0
194,196,C82990BE-E44F-42CD-90A1-60D11499CDD1,196,1311750357,392904,1311750357,392904,"{
}",11510,28,6,0.21,22,0.79,0,0,28,100,0,0,6,0.21,0,0,1,0.04,18,0.64,2,0.07,1,0.04,0,0,28,100,1,0.04,27,0.96,0,0,0,0,28,100,1,0.04,27,0.96,0,0,28,100
195,197,9A7C2213-F5F9-4B18-9284-295F19228676,197,1311750357,392904,1311750357,392904,"{
}",11548,0,0,0,0,0,0,0,0,0,0,0,0,0,0,0,0,0,0,0,0,0,0,0,0,0,0,0,0,0,0,0,0,0,0,0,0,0,0,0,0,0,0,0,0,0
196,198,3C15316A-1B3C-4CB3-A9CD-848F372FB4D1,198,1311750357,392904,1311750357,392904,"{
}",11566,0,0,0,0,0,0,0,0,0,0,0,0,0,0,0,0,0,0,0,0,0,0,0,0,0,0,0,0,0,0,0,0,0,0,0,0,0,0,0,0,0,0,0,0,0
197,199,5C622DF7-7F7C-4E09-928E-9361118AC2D5,199,1311750357,392904,1311750357,392904,"{
}",11577,0,0,0,0,0,0,0,0,0,0,0,0,0,0,0,0,0,0,0,0,0,0,0,0,0,0,0,0,0,0,0,0,0,0,0,0,0,0,0,0,0,0,0,0,0
198,200,3F2B7118-15BC-4DCD-97C9-328D27749C31,200,1311750357,392904,1311750357,392904,"{
}",11580,0,0,0,0,0,0,0,0,0,0,0,0,0,0,0,0,0,0,0,0,0,0,0,0,0,0,0,0,0,0,0,0,0,0,0,0,0,0,0,0,0,0,0,0,0
199,201,82A7C41D-353A-44B6-AFCC-30562917F67D,201,1311750357,392904,1311750357,392904,"{
}",11598,0,0,0,0,0,0,0,0,0,0,0,0,0,0,0,0,0,0,0,0,0,0,0,0,0,0,0,0,0,0,0,0,0,0,0,0,0,0,0,0,0,0,0,0,0
200,202,B9B36DAB-635F-4139-A489-D13D92626A91,202,1311750357,392904,1311750357,392904,"{
}",11629,0,0,0,0,0,0,0,0,0,0,0,0,0,0,0,0,0,0,0,0,0,0,0,0,0,0,0,0,0,0,0,0,0,0,0,0,0,0,0,0,0,0,0,0,0
201,203,793C3704-C30F-42DB-8031-D805C6A62C8A,203,1311750357,392904,1311750357,392904,"{
}",11691,37,12,0.32,25,0.68,0,0,37,100,0,0,0,0,0,0,0,0,37,1,0,0,0,0,0,0,37,100,0,0,37,1,0,0,0,0,37,100,3,0.08,34,0.92,0,0,37,100
202,204,EC26EFEC-CB2E-4299-9A8C-370BC9F63803,204,1311750357,392904,1311750357,392904,"{
}",11692,0,0,0,0,0,0,0,0,0,0,0,0,0,0,0,0,0,0,0,0,0,0,0,0,0,0,0,0,0,0,0,0,0,0,0,0,0,0,0,0,0,0,0,0,0
203,205,E4E830DC-0ADB-430D-BB18-D49403BC177D,205,1311750357,392904,1311750357,392904,"{
}",11693,0,0,0,0,0,0,0,0,0,0,0,0,0,0,0,0,0,0,0,0,0,0,0,0,0,0,0,0,0,0,0,0,0,0,0,0,0,0,0,0,0,0,0,0,0
204,206,710E97DE-566E-41C8-93A3-1052C09736C5,206,1311750357,392904,1311750357,392904,"{
}",11694,0,0,0,0,0,0,0,0,0,0,0,0,0,0,0,0,0,0,0,0,0,0,0,0,0,0,0,0,0,0,0,0,0,0,0,0,0,0,0,0,0,0,0,0,0
205,207,17567BD1-F5B8-4D28-81C0-C0068DC6DB29,207,1311750357,392904,1311750357,392904,"{
}",11695,0,0,0,0,0,0,0,0,0,0,0,0,0,0,0,0,0,0,0,0,0,0,0,0,0,0,0,0,0,0,0,0,0,0,0,0,0,0,0,0,0,0,0,0,0
206,208,CE71FE6C-52BA-4DAC-9EFA-A722CDF09313,208,1311750357,392904,1311750357,392904,"{
}",11731,0,0,0,0,0,0,0,0,0,0,0,0,0,0,0,0,0,0,0,0,0,0,0,0,0,0,0,0,0,0,0,0,0,0,0,0,0,0,0,0,0,0,0,0,0
207,209,4F35D58E-404D-4ADD-BB40-D7BF1ED34B68,209,1311750357,392904,1311750357,392904,"{
}",11798,5,3,0.6,2,0.4,0,0,5,100,0,0,0,0,0,0,0,0,0,0,5,1,0,0,0,0,5,100,0,0,5,1,0,0,0,0,5,100,0,0,5,1,0,0,5,100
208,210,73B5240F-1953-4540-864E-2AE37F9C8C57,210,1311750357,392904,1311750357,392904,"{
}",11968,0,0,0,0,0,0,0,0,0,0,0,0,0,0,0,0,0,0,0,0,0,0,0,0,0,0,0,0,0,0,0,0,0,0,0,0,0,0,0,0,0,0,0,0,0
209,211,CFF999A0-1722-48E9-BA52-7CE528B1D02B,211,1311750357,392904,1311750357,392904,"{
}",12423,21,1,0.05,20,0.95,0,0,21,100,0,0,0,0,0,0,0,0,19,0.9,0,0,1,0.05,1,0.05,21,100,0,0,21,1,0,0,0,0,21,100,5,0.24,16,0.76,0,0,21,100
210,212,3125ABDD-07C8-4273-9F84-C5F74C165239,212,1311750357,392904,1311750357,392904,"{
}",12428,124,74,0.6,50,0.4,0,0,124,100,2,0.02,1,0.01,0,0,0,0,117,0.94,0,0,4,0.03,0,0,124,100,0,0,124,1,0,0,0,0,124,100,71,0.57,53,0.43,0,0,124,100
211,213,2534BAD8-4F2B-49A9-99D1-98078E342D40,213,1311750357,392904,1311750357,392904,"{
}",12435,55,5,0.09,50,0.91,0,0,55,100,0,0,0,0,0,0,0,0,50,0.91,0,0,5,0.09,0,0,55,100,0,0,55,1,0,0,0,0,55,100,19,0.35,36,0.65,0,0,55,100
212,214,5E0EAB14-BB0C-490B-BA3E-A97CFDB20C55,214,1311750357,392904,1311750357,392904,"{
}",12458,0,0,0,0,0,0,0,0,0,0,0,0,0,0,0,0,0,0,0,0,0,0,0,0,0,0,0,0,0,0,0,0,0,0,0,0,0,0,0,0,0,0,0,0,0
213,215,B402E532-D590-4F0F-AF27-88466398DD52,215,1311750357,392904,1311750357,392904,"{
}",12466,44,44,1,0,0,0,0,44,100,0,0,0,0,0,0,0,0,44,1,0,0,0,0,0,0,44,100,0,0,44,1,0,0,0,0,44,100,35,0.8,9,0.2,0,0,44,100
214,216,B82AA3CB-68FB-4617-AEA7-D6180961F842,216,1311750357,392904,1311750357,392904,"{
}",12473,0,0,0,0,0,0,0,0,0,0,0,0,0,0,0,0,0,0,0,0,0,0,0,0,0,0,0,0,0,0,0,0,0,0,0,0,0,0,0,0,0,0,0,0,0
215,217,579A93D7-B9A6-4444-AE27-630DE0F2DA86,217,1311750357,392904,1311750357,392904,"{
}",12528,52,2,0.04,50,0.96,0,0,52,100,0,0,0,0,0,0,0,0,46,0.88,0,0,6,0.12,0,0,52,100,1,0.02,51,0.98,0,0,0,0,52,100,21,0.4,31,0.6,0,0,52,100
216,218,753797EA-774A-4DF8-8D8C-9FF9840B54DD,218,1311750357,392904,1311750357,392904,"{
}",12701,87,49,0.56,38,0.44,0,0,87,100,0,0,0,0,0,0,0,0,83,0.95,0,0,2,0.02,2,0.02,87,99,0,0,87,1,0,0,0,0,87,100,18,0.21,69,0.79,0,0,87,100
217,219,0B8D85DA-8EF9-47C2-940A-CDE0CA4324E2,219,1311750357,392904,1311750357,392904,"{
}",12733,13,6,0.46,7,0.54,0,0,13,100,0,0,0,0,0,0,0,0,13,1,0,0,0,0,0,0,13,100,0,0,13,1,0,0,0,0,13,100,2,0.15,11,0.85,0,0,13,100
218,220,72FC9E5A-9018-4AB8-A5FA-9703DF625CFD,220,1311750357,392904,1311750357,392904,"{
}",12734,252,170,0.67,82,0.33,0,0,252,100,0,0,0,0,0,0,0,0,243,0.96,0,0,4,0.02,5,0.02,252,100,0,0,252,1,0,0,0,0,252,100,61,0.24,191,0.76,0,0,252,100
219,221,16648CD1-27E3-4A7C-93DE-CB8878B48BEF,221,1311750357,392904,1311750357,392904,"{
}",12737,35,34,0.97,1,0.03,0,0,35,100,0,0,0,0,0,0,0,0,35,1,0,0,0,0,0,0,35,100,2,0.06,33,0.94,0,0,0,0,35,100,20,0.57,15,0.43,0,0,35,100
220,222,BF9C638F-0300-48BE-8A96-BB35F13FE7A4,222,1311750357,392904,1311750357,392904,"{
}",12750,37,36,0.97,1,0.03,0,0,37,100,0,0,0,0,0,0,0,0,37,1,0,0,0,0,0,0,37,100,0,0,37,1,0,0,0,0,37,100,21,0.57,16,0.43,0,0,37,100
221,223,6EF3E3C6-4379-410F-9B7E-0977DEC412FA,223,1311750357,392904,1311750357,392904,"{
}",12751,7,2,0.29,5,0.71,0,0,7,100,0,0,0,0,0,0,0,0,7,1,0,0,0,0,0,0,7,100,0,0,7,1,0,0,0,0,7,100,2,0.29,5,0.71,0,0,7,100
222,224,74E21F24-3BB9-4DFE-B615-39D1165BD49E,224,1311750357,392904,1311750357,392904,"{
}",12754,134,64,0.48,70,0.52,0,0,134,100,2,0.01,0,0,0,0,0,0,127,0.95,0,0,4,0.03,1,0.01,134,100,1,0.01,133,0.99,0,0,0,0,134,100,27,0.2,107,0.8,0,0,134,100
223,225,A0A16F15-137D-4993-96C7-E88A1C2F8160,225,1311750357,392904,1311750357,392904,"{
}",12758,82,50,0.61,32,0.39,0,0,82,100,0,0,0,0,0,0,0,0,76,0.93,0,0,6,0.07,0,0,82,100,0,0,82,1,0,0,0,0,82,100,24,0.29,58,0.71,0,0,82,100
224,226,1FFA1996-DED7-453E-9D9D-9347D3DA3F27,226,1311750357,392904,1311750357,392904,"{
}",12759,11,0,0,11,1,0,0,11,100,0,0,0,0,0,0,0,0,11,1,0,0,0,0,0,0,11,100,0,0,11,1,0,0,0,0,11,100,8,0.73,3,0.27,0,0,11,100
225,227,80A0E61F-E25E-4FE6-8AC3-256777BCA1AE,227,1311750357,392904,1311750357,392904,"{
}",12763,11,11,1,0,0,0,0,11,100,0,0,0,0,0,0,0,0,11,1,0,0,0,0,0,0,11,100,0,0,11,1,0,0,0,0,11,100,8,0.73,3,0.27,0,0,11,100
226,228,73B4F6CB-257A-4203-ACCB-16B448187D10,228,1311750357,392904,1311750357,392904,"{
}",12764,64,61,0.95,3,0.05,0,0,64,100,0,0,0,0,0,0,0,0,62,0.97,0,0,2,0.03,0,0,64,100,0,0,64,1,0,0,0,0,64,100,5,0.08,59,0.92,0,0,64,100
227,229,25E6C543-53D3-4530-910C-9FB4BAF47674,229,1311750357,392904,1311750357,392904,"{
}",12768,63,1,0.02,62,0.98,0,0,63,100,0,0,0,0,0,0,0,0,61,0.97,0,0,1,0.02,1,0.02,63,100,0,0,63,1,0,0,0,0,63,100,23,0.37,40,0.63,0,0,63,100
228,230,A44402D2-4798-4292-9A78-A767B4A304BA,230,1311750357,392904,1311750357,392904,"{
}",12779,242,183,0.76,59,0.24,0,0,242,100,0,0,0,0,0,0,0,0,239,0.99,0,0,3,0.01,0,0,242,100,1,0,241,1,0,0,0,0,242,100,155,0.64,87,0.36,0,0,242,100
229,231,7838E82A-A33D-4980-8E9D-3213F45C2795,231,1311750357,392904,1311750357,392904,"{
}",12783,201,66,0.33,135,0.67,0,0,201,100,0,0,0,0,2,0.01,0,0,195,0.97,0,0,3,0.01,1,0,201,99,4,0.02,197,0.98,0,0,0,0,201,100,77,0.38,124,0.62,0,0,201,100
230,232,B41D3959-ADE0-42A2-8C97-37BC90E2DCC8,232,1311750357,392904,1311750357,392904,"{
}",12786,4,3,0.75,1,0.25,0,0,4,100,0,0,0,0,0,0,0,0,4,1,0,0,0,0,0,0,4,100,0,0,4,1,0,0,0,0,4,100,1,0.25,3,0.75,0,0,4,100
231,233,78563CFB-AC9A-4CB9-B921-B77965C4D96C,233,1311750357,392904,1311750357,392904,"{
}",12788,83,39,0.47,44,0.53,0,0,83,100,0,0,0,0,0,0,0,0,81,0.98,0,0,2,0.02,0,0,83,100,0,0,83,1,0,0,0,0,83,100,35,0.42,48,0.58,0,0,83,100
232,234,DF48FF35-A3E1-4CE7-B1E4-DEE03E690BC0,234,1311750357,392904,1311750357,392904,"{
}",12789,272,115,0.42,157,0.58,0,0,272,100,0,0,0,0,0,0,0,0,262,0.96,0,0,6,0.02,4,0.01,272,99,1,0,271,1,0,0,0,0,272,100,70,0.26,202,0.74,0,0,272,100
233,235,B3288CB4-0B9C-485B-A2D6-86A844C349F1,235,1311750357,392904,1311750357,392904,"{
}",13731,17,2,0.12,15,0.88,0,0,17,100,0,0,0,0,0,0,0,0,15,0.88,0,0,2,0.12,0,0,17,100,0,0,17,1,0,0,0,0,17,100,7,0.41,10,0.59,0,0,17,100
234,236,F219F997-082D-4EAD-B165-47E7C8B3E1AD,236,1311750357,392904,1311750357,392904,"{
}",16091,0,0,0,0,0,0,0,0,0,0,0,0,0,0,0,0,0,0,0,0,0,0,0,0,0,0,0,0,0,0,0,0,0,0,0,0,0,0,0,0,0,0,0,0,0
235,237,64C2DA00-6413-4C7A-92DF-BB6E3C5C551F,237,1311750357,392904,1311750357,392904,"{
}",20459,0,0,0,0,0,0,0,0,0,0,0,0,0,0,0,0,0,0,0,0,0,0,0,0,0,0,0,0,0,0,0,0,0,0,0,0,0,0,0,0,0,0,0,0,0
